{
    "@context": "https://w3id.org/ro/crate/1.1/context",
    "@graph": [
        {
            "@id": "./",
            "@type": "Dataset",
            "datePublished": "2025-07-19T11:39:22+00:00",
            "hasPart": [
                {
                    "@id": "create_input_files.py"
                },
                {
                    "@id": "Snakefile"
                },
                {
                    "@id": "MainKratos.py"
                },
                {
                    "@id": "provenance.jsonld"
                },
                {
                    "@id": "provenance.ttl"
                },
                {
                    "@id": "experiment.json"
                },
                {
                    "@id": "parameters_003125.json"
                },
                {
                    "@id": "summary_003125.json"
                },
                {
                    "@id": "parameters_00625.json"
                },
                {
                    "@id": "summary_00625.json"
                },
                {
                    "@id": "parameters_0125.json"
                },
                {
                    "@id": "summary_0125.json"
                },
                {
                    "@id": "parameters_025.json"
                },
                {
                    "@id": "summary_025.json"
                },
                {
                    "@id": "parameters_geo2fun2.json"
                },
                {
                    "@id": "summary_geo2fun2.json"
                },
                {
                    "@id": "parameters_05.json"
                },
                {
                    "@id": "summary_05.json"
                },
                {
                    "@id": "parameters_1.json"
                },
                {
                    "@id": "summary_1.json"
                }
            ]
        },
        {
            "@id": "ro-crate-metadata.json",
            "@type": "CreativeWork",
            "about": {
                "@id": "./"
            },
            "conformsTo": {
                "@id": "https://w3id.org/ro/crate/1.1"
            }
        },
        {
            "@id": "create_input_files.py",
            "@type": "File",
            "encodingFormat": "text/x-python",
            "name": "create_input_files.py"
        },
        {
            "@id": "Snakefile",
            "@type": "File",
            "encodingFormat": "text/plain",
            "name": "Snakefile"
        },
        {
            "@id": "MainKratos.py",
            "@type": "File",
            "encodingFormat": "text/x-python",
            "name": "MainKratos.py"
        },
        {
            "@id": "provenance.jsonld",
            "@type": "File",
            "conformsTo": [
                "https://w3id.org/ro/crate/1.1",
                "https://w3id.org/nfdi4ing/metadata4ing/1.3.1"
            ],
            "encodingFormat": "application/ld+json",
            "name": "provenance.jsonld"
        },
        {
            "@id": "provenance.ttl",
            "@type": "File",
            "encodingFormat": "text/turtle",
            "name": "provenance.ttl"
        },
        {
            "@id": "experiment.json",
            "@type": "File",
            "encodingFormat": "application/json",
            "name": "experiment.json"
        },
        {
            "@id": "parameters_003125.json",
            "@type": "File",
            "encodingFormat": "application/json",
            "name": "parameters_003125.json"
        },
        {
            "@id": "summary_003125.json",
            "@type": "File",
            "encodingFormat": "application/json",
            "name": "summary_003125.json"
        },
        {
            "@id": "parameters_00625.json",
            "@type": "File",
            "encodingFormat": "application/json",
            "name": "parameters_00625.json"
        },
        {
            "@id": "summary_00625.json",
            "@type": "File",
            "encodingFormat": "application/json",
            "name": "summary_00625.json"
        },
        {
            "@id": "parameters_0125.json",
            "@type": "File",
            "encodingFormat": "application/json",
            "name": "parameters_0125.json"
        },
        {
            "@id": "summary_0125.json",
            "@type": "File",
            "encodingFormat": "application/json",
            "name": "summary_0125.json"
        },
        {
            "@id": "parameters_025.json",
            "@type": "File",
            "encodingFormat": "application/json",
            "name": "parameters_025.json"
        },
        {
            "@id": "summary_025.json",
            "@type": "File",
            "encodingFormat": "application/json",
            "name": "summary_025.json"
        },
        {
            "@id": "parameters_geo2fun2.json",
            "@type": "File",
            "encodingFormat": "application/json",
            "name": "parameters_geo2fun2.json"
        },
        {
            "@id": "summary_geo2fun2.json",
            "@type": "File",
            "encodingFormat": "application/json",
            "name": "summary_geo2fun2.json"
        },
        {
            "@id": "parameters_05.json",
            "@type": "File",
            "encodingFormat": "application/json",
            "name": "parameters_05.json"
        },
        {
            "@id": "summary_05.json",
            "@type": "File",
            "encodingFormat": "application/json",
            "name": "summary_05.json"
        },
        {
            "@id": "parameters_1.json",
            "@type": "File",
            "encodingFormat": "application/json",
            "name": "parameters_1.json"
        },
        {
            "@id": "summary_1.json",
            "@type": "File",
            "encodingFormat": "application/json",
            "name": "summary_1.json"
        }
    ]
}