{
    "@context": "https://w3id.org/ro/crate/1.1/context",
    "@graph": [
        {
            "@id": "./",
            "@type": "Dataset",
            "datePublished": "2025-07-17T14:59:16+00:00",
            "hasPart": [
                {
                    "@id": "create_input_files.py"
                },
                {
                    "@id": "Snakefile"
                },
                {
                    "@id": "run_simulation.py"
                },
                {
                    "@id": "provenance.jsonld"
                },
                {
                    "@id": "provenance.ttl"
                },
                {
                    "@id": "experiment.json"
                },
                {
                    "@id": "parameters_1.json"
                },
                {
                    "@id": "data/input_1.json"
                },
                {
                    "@id": "data/mesh_1.msh"
                },
                {
                    "@id": "parameters_0125.json"
                },
                {
                    "@id": "data/input_0125.json"
                },
                {
                    "@id": "data/mesh_0125.msh"
                },
                {
                    "@id": "data/output_0125.vtk"
                },
                {
                    "@id": "parameters_geo2fun2.json"
                },
                {
                    "@id": "data/input_geo2fun2.json"
                },
                {
                    "@id": "data/mesh_geo2fun2.msh"
                },
                {
                    "@id": "parameters_003125.json"
                },
                {
                    "@id": "data/input_003125.json"
                },
                {
                    "@id": "data/mesh_003125.msh"
                },
                {
                    "@id": "data/output_003125.vtk"
                },
                {
                    "@id": "summary_003125.json"
                },
                {
                    "@id": "data/output_1.vtk"
                },
                {
                    "@id": "parameters_05.json"
                },
                {
                    "@id": "data/input_05.json"
                },
                {
                    "@id": "data/mesh_05.msh"
                },
                {
                    "@id": "summary_1.json"
                },
                {
                    "@id": "parameters_025.json"
                },
                {
                    "@id": "data/input_025.json"
                },
                {
                    "@id": "data/mesh_025.msh"
                },
                {
                    "@id": "data/output_025.vtk"
                },
                {
                    "@id": "summary_025.json"
                },
                {
                    "@id": "parameters_geo1fun2.json"
                },
                {
                    "@id": "data/input_geo1fun2.json"
                },
                {
                    "@id": "data/mesh_geo1fun2.msh"
                },
                {
                    "@id": "data/output_geo1fun2.vtk"
                },
                {
                    "@id": "summary_geo1fun2.json"
                },
                {
                    "@id": "data/output_geo2fun2.vtk"
                },
                {
                    "@id": "summary_geo2fun2.json"
                },
                {
                    "@id": "parameters_geo2fun2fine.json"
                },
                {
                    "@id": "data/input_geo2fun2fine.json"
                },
                {
                    "@id": "data/mesh_geo2fun2fine.msh"
                },
                {
                    "@id": "data/output_geo2fun2fine.vtk"
                },
                {
                    "@id": "data/output_05.vtk"
                },
                {
                    "@id": "summary_geo2fun2fine.json"
                },
                {
                    "@id": "summary_0125.json"
                },
                {
                    "@id": "parameters_00625.json"
                },
                {
                    "@id": "data/input_00625.json"
                },
                {
                    "@id": "data/mesh_00625.msh"
                },
                {
                    "@id": "summary_05.json"
                },
                {
                    "@id": "data/output_00625.vtk"
                },
                {
                    "@id": "summary_00625.json"
                }
            ]
        },
        {
            "@id": "ro-crate-metadata.json",
            "@type": "CreativeWork",
            "about": {
                "@id": "./"
            },
            "conformsTo": {
                "@id": "https://w3id.org/ro/crate/1.1"
            }
        },
        {
            "@id": "create_input_files.py",
            "@type": "File",
            "encodingFormat": "text/x-python",
            "name": "create_input_files.py"
        },
        {
            "@id": "Snakefile",
            "@type": "File",
            "encodingFormat": "text/plain",
            "name": "Snakefile"
        },
        {
            "@id": "run_simulation.py",
            "@type": "File",
            "encodingFormat": "text/x-python",
            "name": "run_simulation.py"
        },
        {
            "@id": "provenance.jsonld",
            "@type": "File",
            "conformsTo": [
                "https://w3id.org/ro/crate/1.1",
                "https://w3id.org/nfdi4ing/metadata4ing/1.3.1"
            ],
            "encodingFormat": "application/ld+json",
            "name": "provenance.jsonld"
        },
        {
            "@id": "provenance.ttl",
            "@type": "File",
            "encodingFormat": "text/turtle",
            "name": "provenance.ttl"
        },
        {
            "@id": "experiment.json",
            "@type": "File",
            "encodingFormat": "application/json",
            "name": "experiment.json"
        },
        {
            "@id": "parameters_1.json",
            "@type": "File",
            "encodingFormat": "application/json",
            "name": "parameters_1.json"
        },
        {
            "@id": "data/input_1.json",
            "@type": "File",
            "encodingFormat": "application/json",
            "name": "data/input_1.json"
        },
        {
            "@id": "data/mesh_1.msh",
            "@type": "File",
            "encodingFormat": "model/mesh",
            "name": "data/mesh_1.msh"
        },
        {
            "@id": "parameters_0125.json",
            "@type": "File",
            "encodingFormat": "application/json",
            "name": "parameters_0125.json"
        },
        {
            "@id": "data/input_0125.json",
            "@type": "File",
            "encodingFormat": "application/json",
            "name": "data/input_0125.json"
        },
        {
            "@id": "data/mesh_0125.msh",
            "@type": "File",
            "encodingFormat": "model/mesh",
            "name": "data/mesh_0125.msh"
        },
        {
            "@id": "data/output_0125.vtk",
            "@type": "File",
            "encodingFormat": "application/octet-stream",
            "name": "data/output_0125.vtk"
        },
        {
            "@id": "parameters_geo2fun2.json",
            "@type": "File",
            "encodingFormat": "application/json",
            "name": "parameters_geo2fun2.json"
        },
        {
            "@id": "data/input_geo2fun2.json",
            "@type": "File",
            "encodingFormat": "application/json",
            "name": "data/input_geo2fun2.json"
        },
        {
            "@id": "data/mesh_geo2fun2.msh",
            "@type": "File",
            "encodingFormat": "model/mesh",
            "name": "data/mesh_geo2fun2.msh"
        },
        {
            "@id": "parameters_003125.json",
            "@type": "File",
            "encodingFormat": "application/json",
            "name": "parameters_003125.json"
        },
        {
            "@id": "data/input_003125.json",
            "@type": "File",
            "encodingFormat": "application/json",
            "name": "data/input_003125.json"
        },
        {
            "@id": "data/mesh_003125.msh",
            "@type": "File",
            "encodingFormat": "model/mesh",
            "name": "data/mesh_003125.msh"
        },
        {
            "@id": "data/output_003125.vtk",
            "@type": "File",
            "encodingFormat": "application/octet-stream",
            "name": "data/output_003125.vtk"
        },
        {
            "@id": "summary_003125.json",
            "@type": "File",
            "encodingFormat": "application/json",
            "name": "summary_003125.json"
        },
        {
            "@id": "data/output_1.vtk",
            "@type": "File",
            "encodingFormat": "application/octet-stream",
            "name": "data/output_1.vtk"
        },
        {
            "@id": "parameters_05.json",
            "@type": "File",
            "encodingFormat": "application/json",
            "name": "parameters_05.json"
        },
        {
            "@id": "data/input_05.json",
            "@type": "File",
            "encodingFormat": "application/json",
            "name": "data/input_05.json"
        },
        {
            "@id": "data/mesh_05.msh",
            "@type": "File",
            "encodingFormat": "model/mesh",
            "name": "data/mesh_05.msh"
        },
        {
            "@id": "summary_1.json",
            "@type": "File",
            "encodingFormat": "application/json",
            "name": "summary_1.json"
        },
        {
            "@id": "parameters_025.json",
            "@type": "File",
            "encodingFormat": "application/json",
            "name": "parameters_025.json"
        },
        {
            "@id": "data/input_025.json",
            "@type": "File",
            "encodingFormat": "application/json",
            "name": "data/input_025.json"
        },
        {
            "@id": "data/mesh_025.msh",
            "@type": "File",
            "encodingFormat": "model/mesh",
            "name": "data/mesh_025.msh"
        },
        {
            "@id": "data/output_025.vtk",
            "@type": "File",
            "encodingFormat": "application/octet-stream",
            "name": "data/output_025.vtk"
        },
        {
            "@id": "summary_025.json",
            "@type": "File",
            "encodingFormat": "application/json",
            "name": "summary_025.json"
        },
        {
            "@id": "parameters_geo1fun2.json",
            "@type": "File",
            "encodingFormat": "application/json",
            "name": "parameters_geo1fun2.json"
        },
        {
            "@id": "data/input_geo1fun2.json",
            "@type": "File",
            "encodingFormat": "application/json",
            "name": "data/input_geo1fun2.json"
        },
        {
            "@id": "data/mesh_geo1fun2.msh",
            "@type": "File",
            "encodingFormat": "model/mesh",
            "name": "data/mesh_geo1fun2.msh"
        },
        {
            "@id": "data/output_geo1fun2.vtk",
            "@type": "File",
            "encodingFormat": "application/octet-stream",
            "name": "data/output_geo1fun2.vtk"
        },
        {
            "@id": "summary_geo1fun2.json",
            "@type": "File",
            "encodingFormat": "application/json",
            "name": "summary_geo1fun2.json"
        },
        {
            "@id": "data/output_geo2fun2.vtk",
            "@type": "File",
            "encodingFormat": "application/octet-stream",
            "name": "data/output_geo2fun2.vtk"
        },
        {
            "@id": "summary_geo2fun2.json",
            "@type": "File",
            "encodingFormat": "application/json",
            "name": "summary_geo2fun2.json"
        },
        {
            "@id": "parameters_geo2fun2fine.json",
            "@type": "File",
            "encodingFormat": "application/json",
            "name": "parameters_geo2fun2fine.json"
        },
        {
            "@id": "data/input_geo2fun2fine.json",
            "@type": "File",
            "encodingFormat": "application/json",
            "name": "data/input_geo2fun2fine.json"
        },
        {
            "@id": "data/mesh_geo2fun2fine.msh",
            "@type": "File",
            "encodingFormat": "model/mesh",
            "name": "data/mesh_geo2fun2fine.msh"
        },
        {
            "@id": "data/output_geo2fun2fine.vtk",
            "@type": "File",
            "encodingFormat": "application/octet-stream",
            "name": "data/output_geo2fun2fine.vtk"
        },
        {
            "@id": "data/output_05.vtk",
            "@type": "File",
            "encodingFormat": "application/octet-stream",
            "name": "data/output_05.vtk"
        },
        {
            "@id": "summary_geo2fun2fine.json",
            "@type": "File",
            "encodingFormat": "application/json",
            "name": "summary_geo2fun2fine.json"
        },
        {
            "@id": "summary_0125.json",
            "@type": "File",
            "encodingFormat": "application/json",
            "name": "summary_0125.json"
        },
        {
            "@id": "parameters_00625.json",
            "@type": "File",
            "encodingFormat": "application/json",
            "name": "parameters_00625.json"
        },
        {
            "@id": "data/input_00625.json",
            "@type": "File",
            "encodingFormat": "application/json",
            "name": "data/input_00625.json"
        },
        {
            "@id": "data/mesh_00625.msh",
            "@type": "File",
            "encodingFormat": "model/mesh",
            "name": "data/mesh_00625.msh"
        },
        {
            "@id": "summary_05.json",
            "@type": "File",
            "encodingFormat": "application/json",
            "name": "summary_05.json"
        },
        {
            "@id": "data/output_00625.vtk",
            "@type": "File",
            "encodingFormat": "application/octet-stream",
            "name": "data/output_00625.vtk"
        },
        {
            "@id": "summary_00625.json",
            "@type": "File",
            "encodingFormat": "application/json",
            "name": "summary_00625.json"
        }
    ]
}