{
    "@context": "https://w3id.org/ro/crate/1.1/context",
    "@graph": [
        {
            "@id": "./",
            "@type": "Dataset",
            "datePublished": "2025-07-14T16:07:50+00:00",
            "hasPart": [
                {
                    "@id": "create_input_files.py"
                },
                {
                    "@id": "Snakefile"
                },
                {
                    "@id": "run_simulation.py"
                },
                {
                    "@id": "provenance.jsonld"
                },
                {
                    "@id": "provenance.ttl"
                },
                {
                    "@id": "experiment.json"
                },
                {
                    "@id": "parameters_003125.json"
                },
                {
                    "@id": "data/input_003125.json"
                },
                {
                    "@id": "data/mesh_003125.msh"
                },
                {
                    "@id": "data/output_003125.vtk"
                },
                {
                    "@id": "summary_003125.json"
                }
            ]
        },
        {
            "@id": "ro-crate-metadata.json",
            "@type": "CreativeWork",
            "about": {
                "@id": "./"
            },
            "conformsTo": {
                "@id": "https://w3id.org/ro/crate/1.1"
            }
        },
        {
            "@id": "create_input_files.py",
            "@type": "File",
            "encodingFormat": "text/x-python",
            "name": "create_input_files.py"
        },
        {
            "@id": "Snakefile",
            "@type": "File",
            "encodingFormat": "text/plain",
            "name": "Snakefile"
        },
        {
            "@id": "run_simulation.py",
            "@type": "File",
            "encodingFormat": "text/x-python",
            "name": "run_simulation.py"
        },
        {
            "@id": "provenance.jsonld",
            "@type": "File",
            "conformsTo": [
                "https://w3id.org/ro/crate/1.1",
                "https://w3id.org/nfdi4ing/metadata4ing/1.3.1"
            ],
            "encodingFormat": "application/ld+json",
            "name": "provenance.jsonld"
        },
        {
            "@id": "provenance.ttl",
            "@type": "File",
            "encodingFormat": "text/turtle",
            "name": "provenance.ttl"
        },
        {
            "@id": "experiment.json",
            "@type": "File",
            "encodingFormat": "application/json",
            "name": "experiment.json"
        },
        {
            "@id": "parameters_003125.json",
            "@type": "File",
            "encodingFormat": "application/json",
            "name": "parameters_003125.json"
        },
        {
            "@id": "data/input_003125.json",
            "@type": "File",
            "encodingFormat": "application/json",
            "name": "data/input_003125.json"
        },
        {
            "@id": "data/mesh_003125.msh",
            "@type": "File",
            "encodingFormat": "model/mesh",
            "name": "data/mesh_003125.msh"
        },
        {
            "@id": "data/output_003125.vtk",
            "@type": "File",
            "encodingFormat": "application/octet-stream",
            "name": "data/output_003125.vtk"
        },
        {
            "@id": "summary_003125.json",
            "@type": "File",
            "encodingFormat": "application/json",
            "name": "summary_003125.json"
        }
    ]
}