{
    "radius": {
        "value": 0.33,
        "unit": "m"
    },
    "length": {
        "value": 1.0,
        "unit": "m"
    },
    "load": {
        "value": 100.0,
        "unit": "MPa"
    },
    "element-size": {
        "value": 0.1,
        "unit": "m"
    },
    "element-order": 1,
    "element-degree": 2,
    "quadrature-rule": "gauss",
    "quadrature-degree": 2,
    "young-modulus": {
        "value": 210000000000.0,
        "unit": "Pa"
    },
    "poisson-ratio": {
        "value": 0.3,
        "unit": ""
    },
    "mesh-file": "data/mesh_geo1fun2.msh"
}